{"Testcase":"A","TestSet":1,"Average":1.8848390579223633}{"Testcase":"a","TestSet":1,"Average":1.964155912399292}{"Testcase":"test1","TestSet":1,"Average":2.068389892578125}{"Testcase":"memory2","TestSet":1,"Average":2.0132970809936523,"Memory in MB":32.3933}{"Testcase":"memory3","TestSet":1,"Average":2.378453016281128,"Memory in MB":32.3933}{"Testcase":"memory3","TestSet":1,"Average":3.26871395111084,"Memory in MB":32.3918}{"Testcase":"testB.memory1","TestSet":1,"Average":2.0089900493621826,"Memory in MB":32.3912}{"Testcase":"test3","TestSet":2,"Average":2.298308491706848,"Memory in MB":32.3912}